File,Class
new_1_1.mat,0.1868404716171524
new_1_10.mat,0.1276386815819504
new_1_100.mat,0.2159488498780676
new_1_101.mat,0.15412418477035872
new_1_102.mat,0.1108275882109161
new_1_103.mat,0.11783767018171012
new_1_104.mat,0.19883275521711893
new_1_105.mat,0.21640767526169388
new_1_106.mat,0.1264249349654839
new_1_107.mat,0.11581925700280422
new_1_108.mat,0.19618528607342883
new_1_109.mat,0.17305011842697965
new_1_11.mat,0.12058789695395253
new_1_110.mat,0.13617461222123134
new_1_111.mat,0.17019082969761212
new_1_112.mat,0.08648910562706834
new_1_113.mat,0.18929368234645272
new_1_114.mat,0.11138942714688246
new_1_115.mat,0.13734265000395682
new_1_116.mat,0.12275985080334494
new_1_117.mat,0.21778359103181155
new_1_118.mat,0.061583707392067324
new_1_119.mat,0.1891692138049471
new_1_12.mat,0.10665067299133835
new_1_120.mat,0.13993065640063296
new_1_121.mat,0.1578154796856696
new_1_122.mat,0.22151999083607676
new_1_123.mat,0.14587270576895753
new_1_124.mat,0.11149081375260424
new_1_125.mat,0.132349608011134
new_1_126.mat,0.21985655165743828
new_1_127.mat,0.1886744915613602
new_1_128.mat,0.21895919072930342
new_1_129.mat,0.13737088072967707
new_1_130.mat,0.14014735368159167
new_1_131.mat,0.14624063746002325
new_1_132.mat,0.12793097604843168
new_1_133.mat,0.18788581726732245
new_1_134.mat,0.1413591337196264
new_1_135.mat,0.1091174295615107
new_1_136.mat,0.13816283845283028
new_1_137.mat,0.11846112975244093
new_1_138.mat,0.14719609023739633
new_1_139.mat,0.20405059208796994
new_1_14.mat,0.13341641568460347
new_1_140.mat,0.10416330929066088
new_1_141.mat,0.12492759349548213
new_1_142.mat,0.14550773058572847
new_1_143.mat,0.10925042222905779
new_1_144.mat,0.20259442207455092
new_1_145.mat,0.16525567104171512
new_1_146.mat,0.20310047687595673
new_1_148.mat,0.11424641449796485
new_1_149.mat,0.1277808650250034
new_1_15.mat,0.1524773268880487
new_1_150.mat,0.12445177638676196
new_1_151.mat,0.22191434890150122
new_1_152.mat,0.08709632454693898
new_1_153.mat,0.07847935333222204
new_1_154.mat,0.11716526495073301
new_1_155.mat,0.10181859235587071
new_1_156.mat,0.0930431363633433
new_1_157.mat,0.08072498688076901
new_1_158.mat,0.11746654251458244
new_1_159.mat,0.13331400272719812
new_1_16.mat,0.16813531944362994
new_1_160.mat,0.12087716132507857
new_1_161.mat,0.155387221131366
new_1_162.mat,0.11929101224195834
new_1_163.mat,0.16621004680448173
new_1_164.mat,0.1014944220281535
new_1_165.mat,0.1858344724459978
new_1_166.mat,0.163765122838967
new_1_168.mat,0.21714429441566718
new_1_169.mat,0.12276291970213284
new_1_17.mat,0.194972332344925
new_1_170.mat,0.11841525642122973
new_1_171.mat,0.09608299927294665
new_1_172.mat,0.13048917571901253
new_1_173.mat,0.14780237434429427
new_1_174.mat,0.14520117308514527
new_1_175.mat,0.13560415629755754
new_1_176.mat,0.1329463251732284
new_1_178.mat,0.17872197774444454
new_1_179.mat,0.11500263746857953
new_1_180.mat,0.12671328159452194
new_1_181.mat,0.19943097957846778
new_1_182.mat,0.1988779588327672
new_1_183.mat,0.10672022944562616
new_1_184.mat,0.055303887128295565
new_1_185.mat,0.1247962791112152
new_1_186.mat,0.220734881457958
new_1_187.mat,0.130983426573231
new_1_188.mat,0.12925182124758527
new_1_189.mat,0.11932954784946528
new_1_19.mat,0.15884972488017118
new_1_190.mat,0.09086194900679898
new_1_191.mat,0.14191376140962142
new_1_192.mat,0.13080303891991188
new_1_193.mat,0.17018967755100164
new_1_194.mat,0.1443432184627233
new_1_195.mat,0.15679393827576715
new_1_196.mat,0.1485442845365555
new_1_197.mat,0.08168759726927272
new_1_198.mat,0.14628765246987102
new_1_199.mat,0.2176214432416515
new_1_2.mat,0.16458845700544145
new_1_200.mat,0.10493504153198199
new_1_201.mat,0.1299627574658097
new_1_202.mat,0.11612395187693109
new_1_203.mat,0.11474919725804929
new_1_204.mat,0.2149613855544251
new_1_205.mat,-0.12438660240503582
new_1_206.mat,0.11840315353002197
new_1_207.mat,0.1129603823904495
new_1_208.mat,0.15826067685516237
new_1_21.mat,-0.12056097248989564
new_1_210.mat,0.10421088624351683
new_1_211.mat,0.13137166679345075
new_1_212.mat,0.12765087000416941
new_1_213.mat,0.19804938120164653
new_1_214.mat,0.12801640205296766
new_1_215.mat,0.20492787300436355
new_1_216.mat,0.12329172649302622
new_1_22.mat,0.1645584792300952
new_1_23.mat,0.11578507500480886
new_1_24.mat,0.1627299384379031
new_1_25.mat,0.08386052619273923
new_1_26.mat,0.22093333630225512
new_1_27.mat,0.14491204465346738
new_1_28.mat,0.10228608624950072
new_1_29.mat,0.20628607008448963
new_1_3.mat,0.10223144561575809
new_1_30.mat,0.1360340273954135
new_1_31.mat,0.11402853585240347
new_1_32.mat,0.11104160059169227
new_1_33.mat,0.1296967424042716
new_1_35.mat,0.15429645767392314
new_1_36.mat,0.1737447077624336
new_1_37.mat,0.1475427006000551
new_1_38.mat,0.11126265065507407
new_1_39.mat,0.172716750268023
new_1_4.mat,0.09671007491752269
new_1_40.mat,0.14783200204243047
new_1_41.mat,0.11651311604708309
new_1_42.mat,0.18280390807800995
new_1_43.mat,0.16577274381612436
new_1_44.mat,0.20404574552673144
new_1_45.mat,0.09498355346274764
new_1_46.mat,0.2053001761241255
new_1_47.mat,0.17678364407149988
new_1_48.mat,0.16878931894132787
new_1_49.mat,0.09776351873032467
new_1_5.mat,0.21827187942322337
new_1_50.mat,0.1991933161717659
new_1_51.mat,0.10552686868682143
new_1_52.mat,0.16991882106404543
new_1_53.mat,0.15940405139464364
new_1_54.mat,0.08139231071125407
new_1_55.mat,0.19494077887392855
new_1_56.mat,0.17293813485212506
new_1_57.mat,0.052988008932007016
new_1_58.mat,0.13252990826325906
new_1_59.mat,0.15161549790092546
new_1_6.mat,0.19883307357138374
new_1_60.mat,0.1544644432141825
new_1_61.mat,0.1207803718727733
new_1_62.mat,0.18842354489463103
new_1_63.mat,0.10906529556413358
new_1_64.mat,0.1741074121231623
new_1_65.mat,0.15100097916390354
new_1_66.mat,0.19708031975432483
new_1_67.mat,0.12124101198049417
new_1_68.mat,0.1417327702430387
new_1_69.mat,0.1267965623208878
new_1_70.mat,0.12853145277865968
new_1_71.mat,0.11701426270442462
new_1_73.mat,0.14119663652792935
new_1_74.mat,0.1291428970542221
new_1_75.mat,0.11318707413131252
new_1_76.mat,0.1874819902231304
new_1_77.mat,0.11050518965366826
new_1_78.mat,0.17143255050512296
new_1_79.mat,0.21344480874713018
new_1_8.mat,0.1201606741062662
new_1_80.mat,0.2296812879299584
new_1_81.mat,0.1363495733802078
new_1_82.mat,0.11668031910155174
new_1_83.mat,0.16591962954453976
new_1_84.mat,0.0889021120747571
new_1_85.mat,0.08832303407653336
new_1_86.mat,0.1804151088819429
new_1_87.mat,0.11408224370809279
new_1_88.mat,0.11396454739088765
new_1_89.mat,0.10996728694136995
new_1_9.mat,0.1557442973889508
new_1_90.mat,0.11434949216613204
new_1_91.mat,0.13862666984535246
new_1_92.mat,0.14634405411809664
new_1_93.mat,0.1385139707082409
new_1_94.mat,0.19885109270234705
new_1_95.mat,0.1531688369760505
new_1_96.mat,0.10529402136090352
new_1_97.mat,0.1462241207576081
new_1_99.mat,0.11549793939353922
new_2_1.mat,0.10200304199879402
new_2_10.mat,0.12132323231566959
new_2_100.mat,0.09232791588880349
new_2_1000.mat,0.11637567653416357
new_2_1001.mat,0.10422394180936684
new_2_1002.mat,0.12794705011983232
new_2_101.mat,0.09925789076809298
new_2_102.mat,0.10228660885741489
new_2_103.mat,0.08830577372211323
new_2_104.mat,0.11013531087560136
new_2_105.mat,0.16271284796733546
new_2_106.mat,0.06651503089740474
new_2_107.mat,0.04833606287096622
new_2_108.mat,0.07752134573775078
new_2_109.mat,0.09331511731388012
new_2_11.mat,0.07372101207640336
new_2_110.mat,0.10749163870440809
new_2_111.mat,0.11510389388531334
new_2_112.mat,0.07497608495290653
new_2_113.mat,0.0944905574069305
new_2_114.mat,0.1547526416963694
new_2_115.mat,0.0865453327957484
new_2_116.mat,0.08569517380394553
new_2_117.mat,0.11637630977687168
new_2_118.mat,0.10134379171669414
new_2_119.mat,0.083066478409283
new_2_12.mat,0.13069487534716254
new_2_120.mat,0.12489000779231349
new_2_121.mat,0.09424022039654323
new_2_122.mat,0.08985036840922003
new_2_123.mat,0.09226656543297375
new_2_124.mat,0.08700218204342788
new_2_125.mat,0.12346516106114111
new_2_126.mat,0.11977101557973832
new_2_127.mat,0.09746565909403446
new_2_128.mat,0.08626521219162123
new_2_129.mat,0.10102171154963499
new_2_13.mat,0.11868919515089998
new_2_130.mat,0.07689052692645094
new_2_131.mat,0.06013117470382927
new_2_132.mat,0.13493762185058142
new_2_133.mat,0.11764314960899826
new_2_134.mat,0.05393217582302407
new_2_135.mat,0.08729970527672866
new_2_136.mat,0.09931676743623954
new_2_137.mat,0.10820136654999502
new_2_138.mat,0.07122933200808505
new_2_139.mat,0.11299278449520642
new_2_14.mat,0.10858048782226051
new_2_141.mat,0.07983071421930127
new_2_142.mat,0.12759230692630757
new_2_143.mat,0.12164153266729788
new_2_144.mat,0.09479806619835503
new_2_145.mat,0.11440916104327581
new_2_146.mat,0.0784805975565314
new_2_147.mat,0.023463597598431377
new_2_149.mat,0.11809757608563154
new_2_15.mat,0.10578466582268824
new_2_150.mat,0.11059265829082733
new_2_151.mat,0.11497283639017808
new_2_152.mat,0.08509962272789945
new_2_153.mat,0.11655009266292968
new_2_154.mat,0.12379354548470356
new_2_155.mat,0.11901367584085863
new_2_156.mat,0.1243464783552897
new_2_157.mat,0.12325610996053106
new_2_158.mat,0.13263233288705814
new_2_159.mat,0.13770464761484075
new_2_16.mat,0.11955303044551435
new_2_160.mat,0.07760579277432446
new_2_161.mat,0.11782948851397015
new_2_162.mat,0.15192237344104037
new_2_163.mat,0.09701322933122555
new_2_164.mat,0.1182431990201924
new_2_165.mat,0.08914325503308344
new_2_166.mat,0.10005450217916874
new_2_167.mat,0.12059600534145153
new_2_168.mat,0.09872300737278433
new_2_169.mat,0.07779442613308331
new_2_17.mat,0.11864680669962753
new_2_170.mat,0.11889562741233486
new_2_171.mat,0.1114619490480983
new_2_172.mat,0.0882989271823552
new_2_173.mat,0.10719842169066299
new_2_174.mat,0.06804944692227721
new_2_175.mat,0.1282540163650324
new_2_176.mat,0.09418630483319515
new_2_177.mat,0.06377022613002035
new_2_178.mat,0.04332068629905493
new_2_179.mat,0.12480174567767066
new_2_18.mat,0.12388905615400284
new_2_180.mat,0.09864878200621305
new_2_181.mat,0.10089268223878686
new_2_182.mat,0.0692567402994632
new_2_183.mat,0.11045914744985223
new_2_184.mat,0.08409002288204888
new_2_185.mat,0.12162491548697693
new_2_186.mat,0.02233229363549505
new_2_187.mat,0.13820396421142916
new_2_188.mat,0.08456488816448389
new_2_189.mat,0.10982897815590965
new_2_19.mat,0.07778588711915634
new_2_190.mat,0.12635103440962644
new_2_191.mat,0.12112018985958524
new_2_192.mat,0.018728884208689858
new_2_193.mat,0.10811781660445673
new_2_194.mat,0.0855908547929638
new_2_195.mat,0.03632332013018217
new_2_196.mat,0.11227675837752288
new_2_197.mat,0.12058880666991749
new_2_198.mat,0.10580035603549721
new_2_199.mat,0.12237468043005599
new_2_2.mat,0.06586079683506665
new_2_20.mat,0.08926888523188131
new_2_200.mat,0.09845279891214621
new_2_201.mat,0.1121504162374011
new_2_202.mat,0.109618741438238
new_2_203.mat,0.05712665480906177
new_2_204.mat,0.08503383702402001
new_2_205.mat,0.13221460705936816
new_2_206.mat,0.11350394756325938
new_2_207.mat,0.15921727532228494
new_2_208.mat,0.10278338454663735
new_2_209.mat,0.0950943051829913
new_2_21.mat,0.09133058097118013
new_2_210.mat,0.1256661003644482
new_2_211.mat,0.09198714260545543
new_2_212.mat,0.12221746489183283
new_2_213.mat,0.0974856372151486
new_2_214.mat,0.0885695905269963
new_2_215.mat,0.10549569563198966
new_2_216.mat,0.10786403625612503
new_2_217.mat,0.07000511274521394
new_2_218.mat,0.12451691155285592
new_2_219.mat,0.13936774584878853
new_2_22.mat,0.08305629154701479
new_2_220.mat,0.12668431435568517
new_2_221.mat,0.09455743736070253
new_2_222.mat,0.09440975392056401
new_2_223.mat,0.10526461421943858
new_2_224.mat,0.08562211958282405
new_2_225.mat,0.12015290196331455
new_2_226.mat,0.026426650579609356
new_2_227.mat,0.08929310743077706
new_2_228.mat,0.1251300535710174
new_2_229.mat,0.0845132997578646
new_2_23.mat,0.11694694207348749
new_2_230.mat,0.09269607207674528
new_2_231.mat,0.07131975148893244
new_2_232.mat,0.0888538192809948
new_2_233.mat,0.09380008606475579
new_2_234.mat,0.09785870146762352
new_2_235.mat,0.1257257716912505
new_2_236.mat,0.09270055893126045
new_2_237.mat,0.15705142910645753
new_2_238.mat,0.10697952906650748
new_2_239.mat,0.13065253212916023
new_2_24.mat,0.08335212186316063
new_2_240.mat,0.0954842530101599
new_2_241.mat,0.040158122618057124
new_2_242.mat,0.0973642458955709
new_2_243.mat,0.12872129853869888
new_2_244.mat,0.08448891243155125
new_2_245.mat,0.11443831501052369
new_2_246.mat,0.06105537288773312
new_2_247.mat,0.0913763557745366
new_2_248.mat,0.11027914641524078
new_2_249.mat,0.1043636415300453
new_2_25.mat,0.03948230025834501
new_2_250.mat,0.08640994569308932
new_2_251.mat,0.12565655095797154
new_2_252.mat,0.09204316551134972
new_2_253.mat,0.12724571565434456
new_2_254.mat,0.13365958784362095
new_2_255.mat,0.09390176642908422
new_2_256.mat,0.11619140327997111
new_2_257.mat,0.15928808399515634
new_2_258.mat,0.11235026236108168
new_2_259.mat,0.07357768783461048
new_2_260.mat,0.09620687062761851
new_2_261.mat,0.09966520469329887
new_2_262.mat,0.11169989323466052
new_2_263.mat,0.1046344001932677
new_2_264.mat,0.0799221573395262
new_2_265.mat,0.10549761709516736
new_2_266.mat,0.12026007042250436
new_2_267.mat,0.1634381930968531
new_2_268.mat,0.12552278333389194
new_2_269.mat,0.09673180571135107
new_2_27.mat,0.10059659012238226
new_2_270.mat,0.09638992895686932
new_2_271.mat,0.0918414335894801
new_2_272.mat,0.11840779736737664
new_2_273.mat,0.12576490721946765
new_2_274.mat,0.047056084106372166
new_2_275.mat,0.006493320916790904
new_2_276.mat,0.13825261750465273
new_2_277.mat,0.11967238347835678
new_2_278.mat,0.09574609616442287
new_2_279.mat,0.09401892969273141
new_2_28.mat,0.1123871378405176
new_2_280.mat,0.054091180676540215
new_2_281.mat,0.1196062726536616
new_2_282.mat,0.057867391356003536
new_2_283.mat,0.1288838497254185
new_2_284.mat,0.07840393303321501
new_2_285.mat,0.11222425205993258
new_2_286.mat,0.07940465398687684
new_2_287.mat,0.02547354312837119
new_2_288.mat,-0.019104638710746705
new_2_289.mat,0.07290382351500024
new_2_29.mat,0.09866944325774073
new_2_290.mat,0.07090244169943935
new_2_291.mat,0.12201571881478546
new_2_292.mat,0.15429227625497008
new_2_293.mat,0.11384104432331875
new_2_294.mat,0.13572340103049302
new_2_295.mat,0.16260955103178598
new_2_296.mat,0.10125229076828968
new_2_297.mat,0.11333867034697935
new_2_298.mat,0.11865289323007723
new_2_299.mat,0.12141672894564118
new_2_3.mat,0.10770752775101153
new_2_30.mat,0.09658018621361059
new_2_300.mat,0.14808191209538274
new_2_301.mat,0.11772471475504212
new_2_302.mat,0.0658214363428116
new_2_303.mat,0.10615426569578737
new_2_304.mat,0.1637659164946631
new_2_305.mat,0.11237872193812015
new_2_306.mat,0.11252054046121393
new_2_307.mat,0.11653398082389221
new_2_308.mat,0.11956825229663112
new_2_309.mat,0.13271268611803627
new_2_31.mat,0.09342795525921815
new_2_310.mat,0.09478826373058262
new_2_311.mat,0.16596040315949603
new_2_312.mat,0.08277433774984713
new_2_313.mat,0.1659888259202032
new_2_314.mat,0.1605649553083533
new_2_315.mat,0.09102867757242857
new_2_316.mat,0.09175384324301306
new_2_317.mat,0.15103403415031164
new_2_318.mat,0.12141766186369111
new_2_319.mat,0.14084950450236222
new_2_32.mat,0.10046928595152255
new_2_320.mat,0.11797901264299593
new_2_321.mat,0.10354139701628191
new_2_322.mat,0.045354927810834784
new_2_323.mat,0.10492562525081893
new_2_324.mat,0.072969176454672
new_2_325.mat,0.09331926516825303
new_2_326.mat,0.08993813355328201
new_2_327.mat,0.1069769535685186
new_2_328.mat,0.1188740870409371
new_2_329.mat,0.027291404862646626
new_2_33.mat,0.10022335233508886
new_2_330.mat,0.11617653258741795
new_2_331.mat,0.11552831182018178
new_2_332.mat,0.055457837998643726
new_2_333.mat,0.11017166203010509
new_2_334.mat,0.09026312912564713
new_2_335.mat,0.036471750288011445
new_2_336.mat,0.043769458921446576
new_2_337.mat,0.09268237385258717
new_2_338.mat,0.09567456901257305
new_2_339.mat,0.15035000374965174
new_2_34.mat,0.09172519222625361
new_2_340.mat,0.0736672464055671
new_2_341.mat,0.0707279408887052
new_2_342.mat,0.11828587741108854
new_2_343.mat,0.11313308165983763
new_2_344.mat,0.052075141593713944
new_2_345.mat,0.113813464941891
new_2_346.mat,0.12536763711295368
new_2_347.mat,0.11821626082695938
new_2_348.mat,0.06300961408254899
new_2_349.mat,0.07617286037447077
new_2_35.mat,0.12283776765946848
new_2_350.mat,0.15610306879491442
new_2_351.mat,0.12130537786179252
new_2_352.mat,0.10033827644409155
new_2_353.mat,0.13806512367571983
new_2_354.mat,0.11170731260015293
new_2_355.mat,0.10167487352349663
new_2_356.mat,0.11884275118268384
new_2_357.mat,0.04014005786211021
new_2_358.mat,0.0633908587155041
new_2_359.mat,0.013087878012471382
new_2_36.mat,0.08219906800866304
new_2_360.mat,0.13404946455995334
new_2_361.mat,0.09561220546081915
new_2_362.mat,0.07777797976309331
new_2_363.mat,0.10243254025749726
new_2_364.mat,0.12306978182705898
new_2_365.mat,0.07106378795038797
new_2_366.mat,0.11946030218128754
new_2_367.mat,0.09857943256129265
new_2_368.mat,0.016066977304164093
new_2_369.mat,0.10405932128138198
new_2_37.mat,0.11949159127075919
new_2_370.mat,0.1119922716865373
new_2_371.mat,0.1634399828998375
new_2_372.mat,0.15993363572431962
new_2_373.mat,0.11213328351073606
new_2_374.mat,0.10949443292540266
new_2_375.mat,0.11548962211898178
new_2_376.mat,0.12062369419995311
new_2_377.mat,0.11303455742904378
new_2_378.mat,0.036355659936053636
new_2_379.mat,0.05405584344759383
new_2_38.mat,0.15839961729521826
new_2_380.mat,0.09869246162236672
new_2_381.mat,0.06627563398015307
new_2_382.mat,0.12633469041519574
new_2_383.mat,0.12118274957381421
new_2_384.mat,0.10026022687165459
new_2_385.mat,0.08154987430664519
new_2_386.mat,0.1040523156058411
new_2_387.mat,0.06723421836634552
new_2_388.mat,0.11394759104999569
new_2_389.mat,0.11569528221452935
new_2_39.mat,0.08854586173931786
new_2_390.mat,0.09315447784791944
new_2_391.mat,0.10646899723154783
new_2_392.mat,0.06199394588683531
new_2_393.mat,0.10052132096106717
new_2_394.mat,0.09057650906274281
new_2_395.mat,-0.002030142330125745
new_2_396.mat,0.12033766127332901
new_2_397.mat,0.1154887072394846
new_2_398.mat,0.021913858189548913
new_2_399.mat,0.144662187594169
new_2_4.mat,0.08677960932772007
new_2_40.mat,0.03301827262756491
new_2_400.mat,0.035513431274758554
new_2_401.mat,0.058010113776020375
new_2_402.mat,0.08955027601086663
new_2_403.mat,0.11479893563319524
new_2_404.mat,0.10016901623683866
new_2_405.mat,0.10381555151856345
new_2_406.mat,0.10995999838671719
new_2_407.mat,0.0782937583021137
new_2_408.mat,0.0429959435779286
new_2_409.mat,0.15857255322193564
new_2_41.mat,0.10228160101301054
new_2_410.mat,0.11195055366738588
new_2_411.mat,0.1007326161772463
new_2_412.mat,0.11365782458672778
new_2_413.mat,0.1026053667986168
new_2_414.mat,0.09477469340099874
new_2_415.mat,0.1383264301794144
new_2_416.mat,0.15716865656047094
new_2_417.mat,0.0825400778692596
new_2_418.mat,0.08140175715639911
new_2_419.mat,0.1026669921524264
new_2_42.mat,0.011355627594421866
new_2_421.mat,0.11080007478221694
new_2_422.mat,0.1638018206469217
new_2_423.mat,0.13514963268620034
new_2_424.mat,0.11641425941807272
new_2_425.mat,0.09735597225761457
new_2_426.mat,0.10771571579093867
new_2_427.mat,0.10308968119662384
new_2_428.mat,0.04339664695534104
new_2_429.mat,0.08717884422476886
new_2_43.mat,0.08718936324362088
new_2_430.mat,0.16314334346077378
new_2_431.mat,0.11291046071775199
new_2_432.mat,0.11889671487082212
new_2_434.mat,0.10776732335664886
new_2_435.mat,0.09242639486511342
new_2_436.mat,0.10155148355320591
new_2_437.mat,0.0740119221393496
new_2_438.mat,0.12531868325227924
new_2_439.mat,0.12034966343853158
new_2_44.mat,0.1622633910789737
new_2_440.mat,0.07863292451183397
new_2_441.mat,0.12765991404472313
new_2_442.mat,0.06452363926002605
new_2_443.mat,0.11577488895477892
new_2_444.mat,0.11167300658172702
new_2_445.mat,0.09226693314449991
new_2_446.mat,0.11091077298802104
new_2_447.mat,0.12043286331171504
new_2_448.mat,0.09719392058355844
new_2_449.mat,0.08515730622875442
new_2_45.mat,0.1273306611354517
new_2_450.mat,0.15917832254431546
new_2_451.mat,0.06362330844425831
new_2_452.mat,0.10271177538337585
new_2_453.mat,0.10904383049501731
new_2_454.mat,0.012392745067866917
new_2_455.mat,0.10639901427416822
new_2_456.mat,0.021569764058924995
new_2_457.mat,0.16289244502876452
new_2_458.mat,0.03145791852363977
new_2_459.mat,0.025373117854243968
new_2_46.mat,0.12274818773936338
new_2_460.mat,0.10758850431305501
new_2_461.mat,0.1244545295219919
new_2_462.mat,0.09486029169188935
new_2_463.mat,0.10502795265537498
new_2_464.mat,0.10878799517869006
new_2_465.mat,0.15662783666547334
new_2_466.mat,0.12019710715260917
new_2_467.mat,0.08722463671572743
new_2_468.mat,0.1315579895158407
new_2_469.mat,0.10614169432768991
new_2_47.mat,0.09802186463063249
new_2_470.mat,0.12069061140202833
new_2_471.mat,0.10688129115327222
new_2_472.mat,0.09234162652079782
new_2_473.mat,0.09687550479407353
new_2_474.mat,0.09913200203827571
new_2_475.mat,0.08753855021480493
new_2_476.mat,-0.008042655064103676
new_2_477.mat,0.13531666906643897
new_2_478.mat,0.1170765803295418
new_2_479.mat,0.11578021278224473
new_2_48.mat,0.11318701032022077
new_2_480.mat,0.07602855402226115
new_2_481.mat,0.11111765331332157
new_2_482.mat,0.09565073990925577
new_2_483.mat,0.13858155331546648
new_2_484.mat,0.03717389474694207
new_2_485.mat,0.08238066381968391
new_2_486.mat,0.1027560374844154
new_2_487.mat,0.15911935214769546
new_2_488.mat,0.1082223903703938
new_2_489.mat,0.08309932089944105
new_2_49.mat,0.10376936432168128
new_2_490.mat,0.11839399532448049
new_2_491.mat,0.10344869101630502
new_2_492.mat,0.06458960458977644
new_2_493.mat,0.165164092727567
new_2_494.mat,0.11569827724211801
new_2_495.mat,0.16151887823009942
new_2_496.mat,0.10696810399871277
new_2_497.mat,0.08240283760660078
new_2_498.mat,0.11839745421387488
new_2_5.mat,0.12364207295870835
new_2_50.mat,0.10510164403089374
new_2_500.mat,0.12613641394921832
new_2_501.mat,-0.12827251632414766
new_2_502.mat,0.11378651733596054
new_2_503.mat,0.11528445179989157
new_2_504.mat,0.0990259491773128
new_2_505.mat,0.11233882818806182
new_2_506.mat,0.08095901022955335
new_2_507.mat,0.11889441364458353
new_2_508.mat,0.06051002396020135
new_2_509.mat,0.12595060452868545
new_2_51.mat,0.08862918587913955
new_2_510.mat,0.12623795685634945
new_2_511.mat,0.06801827185638187
new_2_512.mat,0.05951164958222855
new_2_513.mat,0.11847808923532552
new_2_514.mat,0.10141570413490587
new_2_515.mat,0.08633330408437095
new_2_516.mat,0.14190635194295595
new_2_517.mat,0.1031365118567806
new_2_518.mat,0.0967884664877123
new_2_519.mat,0.1363460601760868
new_2_52.mat,0.10388962887127054
new_2_520.mat,0.15793500388144086
new_2_521.mat,0.12966922754648452
new_2_522.mat,0.07939866688656413
new_2_523.mat,0.04850328688714439
new_2_524.mat,0.09637865361841573
new_2_525.mat,0.1611030979482816
new_2_526.mat,0.09447172126286632
new_2_527.mat,0.0940352073520046
new_2_528.mat,0.11963275099399259
new_2_529.mat,0.1060327471877407
new_2_53.mat,0.11072288174680633
new_2_530.mat,0.10627032091688167
new_2_531.mat,0.11299559554316094
new_2_532.mat,0.09549792042114802
new_2_533.mat,0.08867567568066613
new_2_534.mat,0.08253657284818554
new_2_535.mat,0.058518268527103345
new_2_536.mat,0.11225075589649
new_2_537.mat,0.11361083178362355
new_2_538.mat,0.11518279745215032
new_2_539.mat,0.09997976541220682
new_2_54.mat,0.09664807068616238
new_2_540.mat,0.09449856335335385
new_2_541.mat,0.0885692488323166
new_2_542.mat,0.11945233317665035
new_2_543.mat,0.09926418353523571
new_2_544.mat,0.08817184411485005
new_2_545.mat,0.10586042466199223
new_2_546.mat,0.09173462109099521
new_2_547.mat,0.08003234829112585
new_2_548.mat,0.09716078077363854
new_2_549.mat,0.07229872513791015
new_2_55.mat,0.12004920555264126
new_2_550.mat,0.09137034279414771
new_2_551.mat,0.12111458537213926
new_2_552.mat,0.09615401348043714
new_2_553.mat,0.08156314029440118
new_2_554.mat,0.09387240604526945
new_2_555.mat,0.031011056297502962
new_2_556.mat,0.09736450511620423
new_2_557.mat,0.11022413580960394
new_2_558.mat,0.129785473455428
new_2_559.mat,0.11533191532262654
new_2_56.mat,0.08947460798376328
new_2_560.mat,0.10283084066047954
new_2_561.mat,0.10478929225537625
new_2_562.mat,0.11819913797988534
new_2_563.mat,0.10393680101881045
new_2_564.mat,0.019429793960131003
new_2_565.mat,0.10546923397230716
new_2_566.mat,0.08149494287262322
new_2_567.mat,0.11828895948444755
new_2_568.mat,0.10988752718141198
new_2_569.mat,0.08579330934177902
new_2_57.mat,0.01577938764636136
new_2_570.mat,0.0750124983290851
new_2_571.mat,0.09363627067615063
new_2_572.mat,0.11241433865747236
new_2_573.mat,0.12619748915401374
new_2_574.mat,0.11556250867661813
new_2_575.mat,0.11009322925496091
new_2_576.mat,0.09047012729552106
new_2_577.mat,0.11249658798236496
new_2_578.mat,0.10071785349063214
new_2_579.mat,0.10169050185777505
new_2_58.mat,0.08429637367591432
new_2_580.mat,0.09819243685407682
new_2_581.mat,0.07260639469678465
new_2_582.mat,0.06160470727488721
new_2_583.mat,0.04472739264853635
new_2_584.mat,0.09920145403375635
new_2_585.mat,0.11375014445663584
new_2_586.mat,0.12655008251132033
new_2_587.mat,0.024921024643875092
new_2_588.mat,0.11762671725859762
new_2_589.mat,0.09575237324410756
new_2_59.mat,0.12346396507004838
new_2_590.mat,0.09995342807030741
new_2_591.mat,0.13914549350590485
new_2_592.mat,0.1195227900937969
new_2_593.mat,0.09919332226118638
new_2_594.mat,0.10026556178675156
new_2_595.mat,0.08184853271038994
new_2_596.mat,0.11042576947560698
new_2_597.mat,0.12106741529769749
new_2_598.mat,0.12256735533475166
new_2_599.mat,0.10226714088440678
new_2_6.mat,0.11192408363102924
new_2_60.mat,0.11796703944443696
new_2_600.mat,0.0978512267163917
new_2_601.mat,0.10177413785123879
new_2_602.mat,0.08831708853320323
new_2_603.mat,0.10847900804412924
new_2_604.mat,0.10939623729312248
new_2_605.mat,0.1550044624903823
new_2_606.mat,0.022257778149132282
new_2_607.mat,0.09660882333434148
new_2_608.mat,0.09868289129567785
new_2_609.mat,0.10384750928155599
new_2_61.mat,0.09220415196795606
new_2_610.mat,0.03546137476609708
new_2_611.mat,0.11419406937019509
new_2_612.mat,0.10689275116451498
new_2_613.mat,0.12146932624415414
new_2_614.mat,0.10220510482195788
new_2_615.mat,0.08759546881996168
new_2_616.mat,0.07562279393573255
new_2_617.mat,0.060587818112368005
new_2_618.mat,0.12243071872955101
new_2_619.mat,0.061035213645058074
new_2_62.mat,0.11195559674680647
new_2_620.mat,0.11771143536244646
new_2_621.mat,0.12236031333711103
new_2_622.mat,0.11603966307072625
new_2_623.mat,0.10381720644927578
new_2_624.mat,0.10344174765244406
new_2_625.mat,0.03725870240915533
new_2_626.mat,0.08474544445377126
new_2_627.mat,0.1112262791002575
new_2_628.mat,0.0875070468163334
new_2_629.mat,0.0540434322176066
new_2_63.mat,0.10892474705549679
new_2_630.mat,0.11772342466436601
new_2_631.mat,0.10484773029567282
new_2_632.mat,0.13984418367942852
new_2_633.mat,0.08516149986709332
new_2_634.mat,0.08503868896713078
new_2_635.mat,0.09456455215879256
new_2_636.mat,0.09803079791473693
new_2_637.mat,0.11884612380612329
new_2_638.mat,0.1040855335780982
new_2_639.mat,0.12460782413715221
new_2_64.mat,0.09360014306542971
new_2_640.mat,0.11899238214025823
new_2_641.mat,0.10134711512330472
new_2_642.mat,0.11346878617379991
new_2_643.mat,0.11022322715341841
new_2_644.mat,0.10832986677444048
new_2_645.mat,0.07415432081434337
new_2_646.mat,0.12737621581949687
new_2_647.mat,0.119423947512867
new_2_648.mat,0.13762145845431825
new_2_649.mat,0.1298299496177904
new_2_65.mat,0.09254095353872908
new_2_650.mat,0.09331172294288359
new_2_651.mat,0.0676239936550042
new_2_652.mat,0.09122812276842587
new_2_653.mat,0.12090142117291394
new_2_654.mat,0.11394039103888623
new_2_655.mat,0.07939616284985895
new_2_656.mat,0.08889160194477971
new_2_657.mat,0.10594513570659143
new_2_658.mat,0.10516292050223014
new_2_659.mat,0.05591100280348642
new_2_66.mat,0.10814059378550786
new_2_660.mat,0.10990200118222856
new_2_661.mat,-0.38382649610462294
new_2_662.mat,0.0848911690504621
new_2_663.mat,0.13117717204068222
new_2_664.mat,0.029134243194334386
new_2_665.mat,0.09826694711610466
new_2_666.mat,0.11378263857104945
new_2_667.mat,0.10137410705749193
new_2_668.mat,0.11583897866054053
new_2_669.mat,0.07893049439277317
new_2_67.mat,0.10836804879265324
new_2_670.mat,0.0750324342552192
new_2_671.mat,0.11178197812515978
new_2_672.mat,0.12201255997049926
new_2_673.mat,0.10812571182851072
new_2_674.mat,0.11934513170892137
new_2_675.mat,0.07814200303395868
new_2_676.mat,0.14081539302703927
new_2_677.mat,0.054646227918063936
new_2_678.mat,0.10653131819061108
new_2_679.mat,0.0853469659219707
new_2_68.mat,0.11542146083933114
new_2_680.mat,0.07100034314780301
new_2_681.mat,0.11986465834434398
new_2_682.mat,0.11499730305973715
new_2_683.mat,0.12292082449350346
new_2_684.mat,0.11055512499980735
new_2_685.mat,0.09501495399682802
new_2_686.mat,0.10267847080615881
new_2_687.mat,0.11248511856210819
new_2_688.mat,0.11305834668794038
new_2_689.mat,0.11312601288168009
new_2_69.mat,0.10870239239818097
new_2_690.mat,0.06918710551867176
new_2_691.mat,0.09728588059097507
new_2_692.mat,0.10831363028316082
new_2_693.mat,0.09358537532108673
new_2_694.mat,0.10449351140531576
new_2_695.mat,0.09384917677514563
new_2_696.mat,0.11267551990778214
new_2_697.mat,0.07575675186371941
new_2_698.mat,0.12013632335216584
new_2_699.mat,0.11867778731719644
new_2_7.mat,0.14425280824887127
new_2_70.mat,0.10270971765799833
new_2_700.mat,0.09391588673236105
new_2_701.mat,0.045413536387511416
new_2_702.mat,0.129512631031613
new_2_703.mat,0.07688293173239727
new_2_704.mat,0.12054286413833104
new_2_705.mat,0.13179535160121897
new_2_706.mat,0.11058032187654837
new_2_707.mat,0.113302997839606
new_2_708.mat,0.08902449298818126
new_2_709.mat,0.10510070989609553
new_2_71.mat,0.11008980961639513
new_2_710.mat,0.1255868853979687
new_2_711.mat,0.11697220754517718
new_2_712.mat,0.12475749826615078
new_2_713.mat,0.06309388841818897
new_2_714.mat,0.1250901022549373
new_2_715.mat,0.10515223578591978
new_2_716.mat,0.08230006892792643
new_2_717.mat,0.055666855944329255
new_2_718.mat,0.09583040241057458
new_2_719.mat,0.05773856288559951
new_2_72.mat,0.015346504165894462
new_2_720.mat,0.10877958851689641
new_2_721.mat,0.11672649734144266
new_2_722.mat,0.13146530365829917
new_2_723.mat,0.11944329684462776
new_2_724.mat,0.045839229264393426
new_2_725.mat,0.09062512092574962
new_2_726.mat,0.11934392333722071
new_2_727.mat,0.16665510639766531
new_2_728.mat,0.11568829458786281
new_2_729.mat,0.09817373404544565
new_2_73.mat,0.1152007911233029
new_2_730.mat,0.10517273491301408
new_2_731.mat,0.08446187163130305
new_2_732.mat,0.0861085286095733
new_2_733.mat,0.1326921905014372
new_2_734.mat,0.05444946275959492
new_2_735.mat,0.10614943799333033
new_2_736.mat,0.10666843480961971
new_2_737.mat,0.11087575837664183
new_2_738.mat,0.11126070450887075
new_2_739.mat,0.0854253465728346
new_2_74.mat,0.10948557270093469
new_2_741.mat,0.024158512600841064
new_2_742.mat,0.11255308867741663
new_2_743.mat,0.1242898952235881
new_2_744.mat,0.09227041371609712
new_2_745.mat,0.10279760754093052
new_2_746.mat,0.10866662128492201
new_2_747.mat,0.09120614104450835
new_2_748.mat,0.10228863379056133
new_2_749.mat,0.08071144648668062
new_2_75.mat,0.10411810010959167
new_2_750.mat,0.07803352231061587
new_2_751.mat,0.054911815100481244
new_2_752.mat,0.07942579370255778
new_2_753.mat,0.08738037412678908
new_2_754.mat,0.10692934623345828
new_2_755.mat,0.12038223640910267
new_2_756.mat,0.10126277568153626
new_2_757.mat,0.08556178854577144
new_2_758.mat,0.1110494387906446
new_2_759.mat,0.10523549080778623
new_2_76.mat,0.08164440738236797
new_2_760.mat,0.09137899495184038
new_2_761.mat,0.11061393143482924
new_2_762.mat,0.1581020947759621
new_2_763.mat,0.16385854916265116
new_2_764.mat,0.1259394949243915
new_2_765.mat,0.12248981645547266
new_2_766.mat,0.12130054442666882
new_2_767.mat,0.10844020873615218
new_2_768.mat,0.12829217666576284
new_2_769.mat,0.10065617910331963
new_2_77.mat,0.11708300854593776
new_2_770.mat,0.11405204588388848
new_2_771.mat,0.08739093160328654
new_2_772.mat,0.11069899273423436
new_2_773.mat,0.13835676288298623
new_2_774.mat,0.10203158804435021
new_2_775.mat,0.10229766137320144
new_2_776.mat,0.07930523363240516
new_2_777.mat,0.1192663739315725
new_2_778.mat,0.09087643421444765
new_2_779.mat,0.11196797551397397
new_2_78.mat,0.1662321267770696
new_2_780.mat,0.11362091892560619
new_2_781.mat,0.09138186167290813
new_2_782.mat,0.10508413509788941
new_2_783.mat,0.10416478614327002
new_2_784.mat,0.06030770130964038
new_2_785.mat,0.16133126002952347
new_2_786.mat,0.12106568264036321
new_2_787.mat,0.1283747720556232
new_2_788.mat,0.10857107568233175
new_2_789.mat,0.1002163566863701
new_2_79.mat,0.09689005866079853
new_2_790.mat,0.10264865794453279
new_2_791.mat,0.15382731248087111
new_2_792.mat,0.10283260050463663
new_2_793.mat,0.06975688469657136
new_2_794.mat,0.12981084081144273
new_2_795.mat,0.12793013335459646
new_2_796.mat,0.11237309498671838
new_2_797.mat,0.09683829626808477
new_2_798.mat,0.11641745412838475
new_2_799.mat,-0.12431187952699338
new_2_8.mat,0.10265004459322984
new_2_80.mat,0.10302256779023639
new_2_800.mat,0.10898723890167544
new_2_801.mat,0.12394581710331977
new_2_802.mat,0.11124137319942498
new_2_803.mat,0.09118719489879135
new_2_804.mat,0.16021198819079807
new_2_805.mat,0.0740146422447052
new_2_806.mat,0.15920696840029253
new_2_807.mat,0.11786719809920854
new_2_808.mat,0.08078516190506813
new_2_809.mat,0.06396894495865785
new_2_81.mat,0.08038774745225408
new_2_810.mat,0.08407053159055626
new_2_811.mat,0.15945337516340025
new_2_812.mat,0.12273443562465619
new_2_813.mat,0.10535242043365696
new_2_814.mat,0.09314571293417026
new_2_815.mat,0.12279849816207909
new_2_816.mat,0.036359285187404
new_2_817.mat,0.1045309851831448
new_2_818.mat,0.10620252808669296
new_2_819.mat,0.09314405307162577
new_2_82.mat,0.10365162852615124
new_2_820.mat,0.10259040569830936
new_2_821.mat,0.08506837988592897
new_2_822.mat,0.10807135596740186
new_2_823.mat,0.15340854717394153
new_2_824.mat,0.162151032567245
new_2_825.mat,0.11578488741470455
new_2_826.mat,0.10929326624458233
new_2_827.mat,0.08291092710169858
new_2_828.mat,0.09283850777495885
new_2_829.mat,0.12076968624871168
new_2_83.mat,0.09569453390520359
new_2_830.mat,0.04725284834751867
new_2_831.mat,0.09602261597103771
new_2_832.mat,0.11972185937865049
new_2_833.mat,0.11286491629265971
new_2_834.mat,0.11054101674798786
new_2_835.mat,0.08120074247272603
new_2_836.mat,0.10229624689578556
new_2_837.mat,0.09739169278131124
new_2_838.mat,0.13536014517086964
new_2_839.mat,0.1154040245144549
new_2_84.mat,0.11314869820435164
new_2_840.mat,0.16189100030051518
new_2_841.mat,0.107778003632638
new_2_842.mat,0.16033708280087383
new_2_843.mat,0.11296064364118237
new_2_844.mat,0.10798164922404305
new_2_845.mat,0.08680217141430471
new_2_846.mat,0.13483868098321397
new_2_847.mat,0.10531111622526095
new_2_848.mat,-0.010303620724957163
new_2_849.mat,0.09267025280125885
new_2_85.mat,0.12048597848869996
new_2_850.mat,0.11511827894732912
new_2_851.mat,0.04895281899594904
new_2_852.mat,0.03426965678085215
new_2_853.mat,0.08477549699546527
new_2_854.mat,0.12356134496598092
new_2_855.mat,0.12132970217769293
new_2_856.mat,0.048068841532209666
new_2_857.mat,0.03503086568009056
new_2_858.mat,0.12216994788485269
new_2_859.mat,-0.01193675368991183
new_2_86.mat,0.10176345689110017
new_2_860.mat,0.13086115937905857
new_2_861.mat,0.06443109967238136
new_2_862.mat,0.16224504460121336
new_2_863.mat,0.10077195614697426
new_2_864.mat,0.09401112462688471
new_2_865.mat,0.1414847705247468
new_2_866.mat,0.07285987288147376
new_2_867.mat,0.10733106878546554
new_2_868.mat,0.07420671952112076
new_2_869.mat,0.11229473205025435
new_2_87.mat,0.09825630292806972
new_2_870.mat,0.13114755490586472
new_2_871.mat,0.08780971971578337
new_2_872.mat,0.09661807482385608
new_2_873.mat,0.05643875142753377
new_2_874.mat,0.11659101609418687
new_2_875.mat,0.10931576995342349
new_2_876.mat,0.08600828765485388
new_2_877.mat,0.08260452516562145
new_2_878.mat,0.13759786660978268
new_2_879.mat,0.10455261435148923
new_2_88.mat,0.15911634766389504
new_2_880.mat,0.10820363236891893
new_2_881.mat,0.04572981230506473
new_2_882.mat,0.11221758606002864
new_2_883.mat,0.09387222515789916
new_2_884.mat,0.11887493271310874
new_2_885.mat,0.10854651680744304
new_2_886.mat,0.10131624570157839
new_2_887.mat,0.11942007778934946
new_2_888.mat,0.10682148205842111
new_2_889.mat,0.11542931997719562
new_2_89.mat,0.11688142479212181
new_2_890.mat,0.009709013455424284
new_2_891.mat,0.16517659017117853
new_2_892.mat,0.09303116275523901
new_2_893.mat,0.1018773999021976
new_2_894.mat,0.11245535863765291
new_2_895.mat,0.1315244532030474
new_2_896.mat,0.08579075162283596
new_2_897.mat,0.11036596997072406
new_2_898.mat,0.07645119786317414
new_2_899.mat,0.07834368519458487
new_2_9.mat,0.13232014858474028
new_2_90.mat,0.11757200197996141
new_2_900.mat,0.09335455882525322
new_2_901.mat,0.1353782303966387
new_2_902.mat,0.12907504301865327
new_2_903.mat,0.11728031648293835
new_2_904.mat,0.12090018705354177
new_2_905.mat,0.10596738792834351
new_2_906.mat,0.11163213371671117
new_2_907.mat,0.08308490552254685
new_2_908.mat,0.0856149542180497
new_2_909.mat,0.007985107607027628
new_2_91.mat,0.07920966777416921
new_2_910.mat,0.09170880889387428
new_2_911.mat,0.10879778686914682
new_2_912.mat,0.10156160345978955
new_2_913.mat,0.12046554745486271
new_2_914.mat,0.10156211800592513
new_2_915.mat,0.15518793766158206
new_2_916.mat,0.1043789264702571
new_2_917.mat,0.13843536368469983
new_2_918.mat,0.1112668151229192
new_2_919.mat,0.08395483838695236
new_2_92.mat,0.11486742756358537
new_2_920.mat,0.08799657035594452
new_2_921.mat,0.08283504773664256
new_2_922.mat,0.10411911901660204
new_2_923.mat,0.08297578028711894
new_2_924.mat,0.1594295467690891
new_2_925.mat,0.10722718294615116
new_2_926.mat,0.1190850272232271
new_2_927.mat,0.09850558172893908
new_2_928.mat,0.09218791749690979
new_2_929.mat,0.1547163700915889
new_2_93.mat,0.10444114039992924
new_2_930.mat,0.11258885803859292
new_2_931.mat,0.11435879086190588
new_2_932.mat,0.053350288359121714
new_2_933.mat,0.11089447479757432
new_2_934.mat,0.10379405199939232
new_2_935.mat,0.12901393467915012
new_2_936.mat,0.0795816118855153
new_2_937.mat,0.09791736353065641
new_2_938.mat,0.1162130236511842
new_2_939.mat,0.10751128701289762
new_2_940.mat,0.12831153945015858
new_2_941.mat,0.09963937488356986
new_2_942.mat,0.13189746767843843
new_2_943.mat,0.09729900552979522
new_2_944.mat,0.11215438994810695
new_2_945.mat,0.12925875053894928
new_2_946.mat,0.10878755507796893
new_2_947.mat,0.06753301157551361
new_2_948.mat,0.11056396547454497
new_2_949.mat,0.07323610532217997
new_2_95.mat,0.08552734706948152
new_2_950.mat,0.11753156771138187
new_2_951.mat,0.12346657239307796
new_2_952.mat,0.04164522031882073
new_2_953.mat,0.11287648495976634
new_2_954.mat,0.12942689579762393
new_2_955.mat,0.10317644313362397
new_2_956.mat,0.0829780651034893
new_2_957.mat,0.051545704339253054
new_2_958.mat,0.08506381579977632
new_2_959.mat,0.03812284888683223
new_2_96.mat,0.11093790324950666
new_2_960.mat,0.09638795891054915
new_2_961.mat,0.1018069828882718
new_2_962.mat,0.09155788803159791
new_2_963.mat,0.05417516175042813
new_2_964.mat,0.1352630159930707
new_2_965.mat,0.08711864556586613
new_2_966.mat,0.14840338080330345
new_2_967.mat,0.14093787244797876
new_2_968.mat,0.10864858117727132
new_2_969.mat,0.13476738352984424
new_2_97.mat,0.10178365137120605
new_2_970.mat,0.1204718289229676
new_2_971.mat,0.11540709269358113
new_2_972.mat,0.09582523474641694
new_2_973.mat,0.10776566298293659
new_2_974.mat,0.1233318710506299
new_2_975.mat,0.1149558688094722
new_2_976.mat,0.09288583481887386
new_2_977.mat,0.10751591185011944
new_2_978.mat,0.08207831462608033
new_2_979.mat,0.10151514550662824
new_2_98.mat,0.10002354052487977
new_2_980.mat,0.1591435512547667
new_2_981.mat,0.0944445112963513
new_2_982.mat,0.0999723394422701
new_2_983.mat,0.11326602728713585
new_2_984.mat,0.10987187400289691
new_2_985.mat,0.09558626793984694
new_2_986.mat,0.07794534685759405
new_2_987.mat,0.08830842869994927
new_2_988.mat,0.07496868646771748
new_2_989.mat,0.09454805178204823
new_2_99.mat,0.07939344747288536
new_2_990.mat,0.09734184802925964
new_2_991.mat,0.07445271151895909
new_2_992.mat,0.1073966602924366
new_2_993.mat,0.0913830961576709
new_2_994.mat,0.08024872391558482
new_2_995.mat,0.0987833599440828
new_2_996.mat,0.010610930144708819
new_2_997.mat,0.09623839475710019
new_2_998.mat,0.10391613361334243
new_2_999.mat,0.0815309823970712
new_3_1.mat,0.10234966763827168
new_3_10.mat,0.14553054088105988
new_3_100.mat,0.05896960802780336
new_3_101.mat,0.1015920587844277
new_3_102.mat,0.0706508061265359
new_3_103.mat,0.09116723869925618
new_3_104.mat,0.11216021833870483
new_3_105.mat,0.048283049147544665
new_3_106.mat,0.09245888523328723
new_3_107.mat,0.0583145422092495
new_3_108.mat,0.03260555829349916
new_3_109.mat,0.061805845155689564
new_3_11.mat,-0.03497975250494839
new_3_110.mat,0.05964776815121369
new_3_111.mat,0.0918217599837349
new_3_112.mat,0.06728038978664795
new_3_113.mat,0.08760780448649327
new_3_114.mat,0.07944291349421935
new_3_115.mat,0.08814978885573481
new_3_116.mat,0.060454450614269795
new_3_117.mat,0.08660556465388171
new_3_118.mat,0.1554602291923125
new_3_119.mat,0.06722496613856371
new_3_12.mat,0.021665442707983817
new_3_120.mat,0.07109761269740549
new_3_121.mat,0.07921484574986559
new_3_122.mat,0.10590708257330564
new_3_123.mat,0.10568635741841895
new_3_124.mat,0.12041534477421352
new_3_125.mat,0.08002504557904269
new_3_126.mat,0.07985210336386625
new_3_127.mat,0.11220868465157349
new_3_128.mat,0.0826512739899986
new_3_129.mat,0.01822378081487383
new_3_13.mat,0.07785199578203718
new_3_130.mat,0.11854745438684941
new_3_131.mat,0.12288857353816932
new_3_132.mat,0.12335636543917664
new_3_133.mat,0.1002837725990956
new_3_134.mat,0.06089608936258756
new_3_135.mat,0.06894867052485117
new_3_136.mat,-0.07852128537360134
new_3_137.mat,0.07980030890399073
new_3_138.mat,0.09960392916440398
new_3_139.mat,0.07858776168840875
new_3_14.mat,0.0778097608247619
new_3_140.mat,0.0154019156947513
new_3_141.mat,0.009213795274864947
new_3_142.mat,0.02672835055755804
new_3_143.mat,0.004847910058021709
new_3_144.mat,0.035392502887180745
new_3_145.mat,0.09350084923464519
new_3_146.mat,0.0934812735572232
new_3_147.mat,0.07912277135429362
new_3_148.mat,0.04023821006836108
new_3_149.mat,0.07262091329621093
new_3_15.mat,0.08664389548285265
new_3_150.mat,0.09182745421109337
new_3_151.mat,0.09322305955140416
new_3_152.mat,0.09537766618192786
new_3_153.mat,0.09834807140271383
new_3_154.mat,0.06314569908620653
new_3_155.mat,0.1001251682026093
new_3_156.mat,0.11472571383297293
new_3_157.mat,0.09831588078888193
new_3_158.mat,0.07401265264659182
new_3_159.mat,0.08294138160434794
new_3_16.mat,-0.044249594503042694
new_3_160.mat,0.08957844707185678
new_3_161.mat,0.040179497412492465
new_3_162.mat,0.05128068509057944
new_3_163.mat,0.0201945859721223
new_3_164.mat,0.09440591984003076
new_3_165.mat,0.041739327510999395
new_3_166.mat,0.08844186165730607
new_3_167.mat,0.08144430470060927
new_3_168.mat,0.09797600873768901
new_3_169.mat,0.08121846696988531
new_3_17.mat,0.04865778639755276
new_3_170.mat,-0.01819051427261381
new_3_171.mat,0.09628502978607911
new_3_172.mat,0.031240445940535225
new_3_173.mat,0.1056176654494721
new_3_174.mat,0.07351332022007749
new_3_175.mat,0.09721606043936538
new_3_176.mat,-0.009060757444478137
new_3_177.mat,0.10213507245581949
new_3_178.mat,0.07795092169183225
new_3_179.mat,0.09172826887662046
new_3_18.mat,0.08480476713497909
new_3_180.mat,0.11253419407053969
new_3_181.mat,0.1148050637572754
new_3_182.mat,0.12079485020770148
new_3_183.mat,0.08915764887228902
new_3_184.mat,0.16322396789312243
new_3_185.mat,0.14051336427425098
new_3_186.mat,0.09252911436017164
new_3_187.mat,-0.0030822856535391296
new_3_188.mat,0.07192558455850873
new_3_189.mat,0.10717310275971235
new_3_19.mat,0.06200511727156856
new_3_190.mat,0.06079500769643502
new_3_191.mat,0.1034807339240612
new_3_192.mat,0.031248938511925582
new_3_193.mat,0.059424356357772073
new_3_194.mat,0.06853867658240456
new_3_195.mat,0.0690755747070256
new_3_196.mat,0.06572317279232945
new_3_197.mat,0.0941713331772162
new_3_198.mat,0.0892581090586665
new_3_199.mat,0.07628703223228872
new_3_2.mat,0.08386182107132817
new_3_20.mat,0.11107852767451275
new_3_200.mat,0.09355764091303934
new_3_201.mat,0.10684120234263572
new_3_202.mat,0.0917222663029745
new_3_203.mat,0.025172317508925138
new_3_204.mat,0.09883695909012022
new_3_205.mat,-0.06851541012002799
new_3_206.mat,0.07193425171430091
new_3_207.mat,0.062458249545954116
new_3_208.mat,0.0820548896881924
new_3_209.mat,0.10806286389781797
new_3_21.mat,0.079791757110447
new_3_210.mat,0.08143044872032122
new_3_211.mat,0.07071734462490334
new_3_212.mat,0.09924664245034927
new_3_213.mat,0.06112046031577077
new_3_214.mat,0.0690272503491638
new_3_215.mat,0.09340027138542666
new_3_216.mat,0.11321867755209704
new_3_217.mat,0.035309152075173704
new_3_218.mat,0.07542470715479706
new_3_219.mat,0.08514178586008939
new_3_22.mat,-0.016510815162085885
new_3_220.mat,0.12239393213106092
new_3_221.mat,0.08018011778909413
new_3_222.mat,0.11622915633702913
new_3_223.mat,0.09559213362341343
new_3_224.mat,0.12630829272269323
new_3_225.mat,0.08814746533073504
new_3_226.mat,0.07380057579178423
new_3_227.mat,0.11671439981347553
new_3_228.mat,0.024105394894069765
new_3_229.mat,0.07782919227247559
new_3_23.mat,0.09668046569692318
new_3_230.mat,0.08624559161443757
new_3_231.mat,0.09725737883710918
new_3_232.mat,0.06590487288984917
new_3_233.mat,0.015813773446011162
new_3_234.mat,0.04771692157503918
new_3_235.mat,0.10176695418111702
new_3_236.mat,0.08864752319428652
new_3_237.mat,0.07116056454282249
new_3_238.mat,0.06634603094199883
new_3_239.mat,0.024780414143802595
new_3_24.mat,0.086986157055069
new_3_240.mat,0.007045115494488122
new_3_241.mat,0.049322873919897064
new_3_242.mat,0.10667996550207348
new_3_243.mat,0.06926725808722398
new_3_244.mat,0.04394244107052472
new_3_245.mat,0.031973219470070015
new_3_246.mat,0.09088546666062433
new_3_247.mat,0.07502418471084583
new_3_248.mat,0.12402608881296093
new_3_249.mat,0.09178478595577721
new_3_25.mat,0.08981479696200348
new_3_250.mat,0.09991795039911791
new_3_251.mat,0.09637246423776853
new_3_252.mat,0.08586557625374287
new_3_253.mat,0.12334657709408747
new_3_254.mat,0.09763222429839327
new_3_255.mat,0.02886436907809732
new_3_256.mat,0.07794062658365125
new_3_257.mat,0.07796528339352521
new_3_258.mat,0.11565805887935424
new_3_259.mat,0.06224004450117587
new_3_26.mat,0.09680532946823144
new_3_260.mat,0.09934853069128113
new_3_261.mat,0.0959181986454181
new_3_262.mat,0.12489320367601867
new_3_263.mat,0.08058138808875731
new_3_264.mat,0.00705462304228964
new_3_265.mat,0.0924713758999938
new_3_266.mat,0.08558489944850876
new_3_267.mat,-0.023730791504060184
new_3_268.mat,0.055163266138849816
new_3_269.mat,0.09839787074131061
new_3_27.mat,0.09134347785882968
new_3_270.mat,0.0780885818551984
new_3_271.mat,0.07760568397324547
new_3_272.mat,0.07786636131533516
new_3_273.mat,0.07755434510159001
new_3_274.mat,0.057071576427397436
new_3_275.mat,0.06178104626774552
new_3_276.mat,0.018867673481575045
new_3_277.mat,0.08821748431351989
new_3_278.mat,0.0646178109351167
new_3_279.mat,0.0913154389754706
new_3_28.mat,0.07780123483588496
new_3_280.mat,0.11185020803679462
new_3_281.mat,-0.008823423118584639
new_3_282.mat,0.10627851169512371
new_3_283.mat,0.07980259248427486
new_3_284.mat,0.09127416546013029
new_3_285.mat,0.05479261099255933
new_3_286.mat,0.08083769389648118
new_3_287.mat,0.1038120523540064
new_3_288.mat,0.013533821787322223
new_3_289.mat,0.08588820090170489
new_3_29.mat,0.09040215910552019
new_3_290.mat,0.08197893145433104
new_3_291.mat,-0.013891566021810187
new_3_292.mat,0.11148774821398785
new_3_293.mat,0.09091137879914551
new_3_294.mat,0.10477295210548408
new_3_295.mat,-0.06801044099923531
new_3_296.mat,0.0676715512693997
new_3_297.mat,0.10203998249789893
new_3_298.mat,0.09934877294892318
new_3_299.mat,0.10486836326571994
new_3_3.mat,0.09550316362203704
new_3_30.mat,0.07377236416081581
new_3_300.mat,0.0711657494786428
new_3_301.mat,0.0602781238068227
new_3_302.mat,0.10208326838142495
new_3_303.mat,0.07648532404461032
new_3_304.mat,0.08433931098605636
new_3_305.mat,0.057734278891075054
new_3_306.mat,0.09537612542575978
new_3_307.mat,0.11623384949373111
new_3_308.mat,0.053909480244551077
new_3_309.mat,0.10526269143544287
new_3_31.mat,0.10903198979953052
new_3_310.mat,0.09514526554946434
new_3_311.mat,0.07387157351212087
new_3_312.mat,0.02345564868815589
new_3_313.mat,0.055136051259430933
new_3_314.mat,0.0818457426104099
new_3_315.mat,0.04714048896614997
new_3_316.mat,0.0946359549258062
new_3_317.mat,0.09610658539982767
new_3_318.mat,0.11386644169467353
new_3_319.mat,0.09393275619907775
new_3_32.mat,0.10295471888578586
new_3_320.mat,0.09819268035307227
new_3_321.mat,0.07333351993868498
new_3_322.mat,0.11785302277684546
new_3_323.mat,0.0517457327952099
new_3_324.mat,0.12403541638945068
new_3_325.mat,0.08128784067352121
new_3_326.mat,0.032945567076797105
new_3_327.mat,0.09500481492619019
new_3_328.mat,0.10947717270715997
new_3_329.mat,0.020671501170295037
new_3_33.mat,0.08081463419999277
new_3_330.mat,0.11810035620275361
new_3_331.mat,-0.015746261764660124
new_3_332.mat,0.10663399368869501
new_3_333.mat,0.051392045392256155
new_3_334.mat,0.08807413079371706
new_3_335.mat,0.07905675680410171
new_3_336.mat,0.11042893408313144
new_3_337.mat,0.12413343890316623
new_3_338.mat,0.01744346738033571
new_3_339.mat,0.09323322481715453
new_3_34.mat,0.08865970664968213
new_3_340.mat,0.09424729295135083
new_3_341.mat,0.0850868558601517
new_3_342.mat,0.08581981083190861
new_3_343.mat,0.044593237910458654
new_3_344.mat,0.10204504837304168
new_3_345.mat,0.015131738637289158
new_3_346.mat,0.099841932330158
new_3_347.mat,0.13820925361127726
new_3_348.mat,0.12973784932518945
new_3_349.mat,0.10253097027082464
new_3_35.mat,0.10501773462478811
new_3_350.mat,0.06811885764631362
new_3_351.mat,0.06261724016205972
new_3_352.mat,0.08761445799399831
new_3_353.mat,0.10262388974007716
new_3_354.mat,0.0826794454861095
new_3_355.mat,0.10562398083636919
new_3_356.mat,0.10283328066721076
new_3_357.mat,-0.02133243978441579
new_3_358.mat,0.08437779119051794
new_3_359.mat,0.11014842176089759
new_3_36.mat,0.07627272914186811
new_3_360.mat,0.06292350624086493
new_3_361.mat,0.05316181003871623
new_3_362.mat,0.05767169659551765
new_3_363.mat,0.10928848895428622
new_3_364.mat,0.08638838394204218
new_3_365.mat,0.09253976625623485
new_3_366.mat,0.06296586844412363
new_3_367.mat,0.10726128191427056
new_3_368.mat,0.0758626551301786
new_3_369.mat,-0.01458714480453803
new_3_37.mat,0.0825381098402332
new_3_370.mat,0.05961237947003364
new_3_371.mat,0.08504547063388108
new_3_372.mat,0.04664319235774243
new_3_373.mat,0.008892030841225848
new_3_374.mat,0.011890336773522525
new_3_375.mat,0.08720734705001884
new_3_376.mat,0.07958520576512845
new_3_377.mat,0.07321326046765882
new_3_378.mat,0.05659227787463427
new_3_379.mat,0.07068911120727443
new_3_38.mat,0.10599314648588613
new_3_380.mat,0.019490755759975803
new_3_381.mat,0.09602964518598704
new_3_382.mat,0.07565182191813916
new_3_383.mat,0.10342382258117325
new_3_384.mat,0.11142024970572864
new_3_385.mat,0.10106081811132177
new_3_386.mat,0.10075450301131657
new_3_387.mat,0.1033310294785453
new_3_388.mat,-0.010998717321775986
new_3_389.mat,0.07855341033102653
new_3_39.mat,0.10115556647154841
new_3_390.mat,-0.09436390603466735
new_3_391.mat,0.08702898434140408
new_3_392.mat,0.024660258518420117
new_3_393.mat,0.0674895073657505
new_3_394.mat,0.0650471738131586
new_3_395.mat,0.06560979539163064
new_3_396.mat,0.10682008631980199
new_3_397.mat,0.05610728157187935
new_3_398.mat,0.08037566136577176
new_3_399.mat,-0.02561866762558654
new_3_4.mat,0.015001579606325588
new_3_40.mat,0.051827904283465995
new_3_400.mat,0.11269590131100601
new_3_401.mat,0.09888951003815759
new_3_402.mat,0.07860646837650467
new_3_403.mat,0.07554942924549385
new_3_404.mat,0.12170391883627775
new_3_405.mat,0.10537213672094703
new_3_406.mat,0.09524821349195592
new_3_407.mat,-0.06180667984738625
new_3_408.mat,0.061977781360913926
new_3_409.mat,0.07625957306311176
new_3_41.mat,0.08697425861166352
new_3_410.mat,0.057825774755080175
new_3_411.mat,0.08447353245842537
new_3_412.mat,0.06647186256987983
new_3_413.mat,0.08026644812458049
new_3_414.mat,0.10447297672689101
new_3_415.mat,0.10348347099929828
new_3_416.mat,0.027480775274541222
new_3_417.mat,0.07263091641522465
new_3_418.mat,0.09019220526483912
new_3_419.mat,0.09226962672619052
new_3_42.mat,0.06058212203101312
new_3_420.mat,0.10967542577526684
new_3_421.mat,0.06978711022555757
new_3_422.mat,0.06645093650977542
new_3_423.mat,0.13264673878908648
new_3_424.mat,0.06405438659176106
new_3_425.mat,0.08383465182442587
new_3_426.mat,0.07924776981046856
new_3_427.mat,0.09901608322358983
new_3_428.mat,0.09155831814970393
new_3_429.mat,0.07584911693148277
new_3_43.mat,0.04806086833929866
new_3_430.mat,0.1134150333083849
new_3_431.mat,0.018912538969479087
new_3_432.mat,0.10807798676355625
new_3_433.mat,0.11167252078840031
new_3_434.mat,0.10541112814351149
new_3_435.mat,0.03935623436571235
new_3_436.mat,0.07071477237946648
new_3_437.mat,0.05619845901943733
new_3_438.mat,0.07909630029267688
new_3_439.mat,0.07369164873109113
new_3_44.mat,0.0888855706945451
new_3_440.mat,0.07029862291677658
new_3_441.mat,0.017023635044879262
new_3_442.mat,0.0912321610432936
new_3_443.mat,0.0919781452345448
new_3_444.mat,0.09860159841321674
new_3_445.mat,0.12007986857638822
new_3_446.mat,0.08119644782848233
new_3_447.mat,0.11422562533717506
new_3_448.mat,0.08462844835082092
new_3_449.mat,0.1000040870575922
new_3_45.mat,0.030525508224636635
new_3_450.mat,0.09614957130707567
new_3_451.mat,0.08951840489636263
new_3_452.mat,0.09514284690193497
new_3_453.mat,0.15393942468438201
new_3_454.mat,0.08850743051551069
new_3_455.mat,-0.021870060605645822
new_3_456.mat,0.08898189241540652
new_3_457.mat,0.0968305419133219
new_3_458.mat,0.03941099837419074
new_3_459.mat,0.08922385695813055
new_3_46.mat,0.09656942386317621
new_3_460.mat,0.09770103377699858
new_3_461.mat,0.06846517147231262
new_3_462.mat,0.024264258339431827
new_3_463.mat,0.1441995809144646
new_3_464.mat,0.07952140197183734
new_3_465.mat,0.07200880415293084
new_3_466.mat,0.09525219314122772
new_3_467.mat,0.10667469122268446
new_3_468.mat,0.10913411617389479
new_3_469.mat,0.06318304391912549
new_3_47.mat,0.08922246119318118
new_3_470.mat,0.07764200665331175
new_3_471.mat,0.08312135249665245
new_3_472.mat,0.10267461756283304
new_3_473.mat,0.1070638570124817
new_3_474.mat,0.11458884577736618
new_3_475.mat,0.08662429409184927
new_3_476.mat,0.13252017245427444
new_3_477.mat,0.10470935274578726
new_3_478.mat,0.00775262344677137
new_3_479.mat,0.16505523515024173
new_3_48.mat,-0.004468026354613325
new_3_480.mat,0.07924281003930081
new_3_481.mat,0.07819103789915266
new_3_482.mat,0.09056432281831713
new_3_483.mat,0.06925794189344381
new_3_484.mat,0.08503609660091013
new_3_485.mat,0.1061737579325602
new_3_486.mat,0.10028142087221606
new_3_487.mat,0.09523521783041693
new_3_488.mat,0.071967968513864
new_3_489.mat,0.10055595331619765
new_3_49.mat,0.09593485617873665
new_3_490.mat,0.10113533025947383
new_3_491.mat,0.08400962212240247
new_3_492.mat,0.11381987661740778
new_3_493.mat,0.132572584003779
new_3_494.mat,0.09660917520020988
new_3_495.mat,0.09777071419849753
new_3_496.mat,0.05811180682361239
new_3_497.mat,0.11920859577836614
new_3_498.mat,0.013890395411508855
new_3_499.mat,0.06948169922391655
new_3_5.mat,0.10037261860119434
new_3_50.mat,0.04057371357090893
new_3_500.mat,0.07622338329465728
new_3_501.mat,0.08066778800095717
new_3_502.mat,0.10537030410121573
new_3_503.mat,0.0659542570276865
new_3_504.mat,0.08766066974049148
new_3_505.mat,0.08010629278591533
new_3_506.mat,-0.0042954758862355225
new_3_507.mat,0.10742705515161559
new_3_508.mat,0.0635004355778279
new_3_509.mat,0.08067097913587548
new_3_51.mat,0.06255823128058786
new_3_510.mat,0.07728759465993724
new_3_511.mat,-0.04355344471319336
new_3_512.mat,0.07543787510889396
new_3_513.mat,0.08546721475471644
new_3_514.mat,0.08201011963945808
new_3_515.mat,0.09536694958971531
new_3_516.mat,0.055156751963240845
new_3_517.mat,0.09646740284229807
new_3_518.mat,0.10138181390757325
new_3_519.mat,0.11073632547449672
new_3_52.mat,0.07888355868800381
new_3_520.mat,0.08061895662908002
new_3_521.mat,0.10037234503721047
new_3_522.mat,0.10241813806705262
new_3_523.mat,0.05506520779661822
new_3_524.mat,0.09255781451941048
new_3_525.mat,0.10362144144457443
new_3_526.mat,0.10568683914978988
new_3_527.mat,0.07671631511965515
new_3_528.mat,0.10991250375345389
new_3_529.mat,0.13060774293345465
new_3_53.mat,0.11537319317828021
new_3_530.mat,0.11431995671536198
new_3_531.mat,0.07306796896383214
new_3_532.mat,0.07725621850512113
new_3_533.mat,0.0906339414472711
new_3_534.mat,-0.00014910300742905502
new_3_535.mat,0.07579671156209897
new_3_536.mat,0.08137636307879882
new_3_537.mat,0.12243535343625182
new_3_538.mat,0.05170175993490159
new_3_539.mat,0.09596519211240151
new_3_54.mat,0.06589233892199027
new_3_540.mat,0.09711466917120909
new_3_541.mat,0.11914339504399302
new_3_542.mat,0.10685796476009207
new_3_543.mat,0.060990535058178745
new_3_545.mat,0.15485257419314905
new_3_546.mat,0.11160329772693353
new_3_547.mat,0.12276851088435962
new_3_548.mat,0.1601626807918752
new_3_549.mat,0.10128962230817629
new_3_55.mat,0.016438298421004943
new_3_550.mat,0.1060014833892017
new_3_551.mat,0.07713066208318838
new_3_552.mat,0.0954137713262732
new_3_553.mat,0.09228616055601982
new_3_554.mat,0.0836642650477635
new_3_555.mat,0.07353626668732786
new_3_556.mat,0.07485835648978821
new_3_557.mat,-0.009796552792866384
new_3_558.mat,0.08464427923788305
new_3_559.mat,0.08396904119364768
new_3_56.mat,0.09872627995983396
new_3_560.mat,0.11392757875613418
new_3_561.mat,0.05021342429894592
new_3_562.mat,0.10233392457899863
new_3_563.mat,0.07498913989273207
new_3_564.mat,0.09021864961233825
new_3_565.mat,0.08451343656986993
new_3_566.mat,0.11633512408662057
new_3_567.mat,0.05477944885547311
new_3_568.mat,0.08486334833859607
new_3_569.mat,0.10552346216054133
new_3_57.mat,0.07567739295313537
new_3_570.mat,0.09778593511777933
new_3_571.mat,0.08752593103625082
new_3_572.mat,0.036192267282126205
new_3_573.mat,0.08759487006430138
new_3_574.mat,0.08158043183245231
new_3_575.mat,0.09678189114118503
new_3_576.mat,0.09417670153754469
new_3_577.mat,0.098943662224907
new_3_578.mat,-0.026192828872164522
new_3_579.mat,0.08876545227907996
new_3_58.mat,0.10409283255274115
new_3_580.mat,0.07168796225628755
new_3_581.mat,0.03244650189648771
new_3_582.mat,0.09367307633062265
new_3_583.mat,-0.01572870654201035
new_3_584.mat,0.08548170543464192
new_3_585.mat,0.048055944904277434
new_3_586.mat,0.06683683651037614
new_3_587.mat,0.05768751369758385
new_3_588.mat,0.09760364997365946
new_3_589.mat,0.0876932105337784
new_3_59.mat,0.10050238675201689
new_3_590.mat,0.032164717041979554
new_3_591.mat,0.04130987418888656
new_3_592.mat,0.10141431539965211
new_3_593.mat,0.07756864973326431
new_3_594.mat,0.053839952002685036
new_3_595.mat,0.0887499315020681
new_3_596.mat,0.07380905940469039
new_3_597.mat,0.029093707923451728
new_3_598.mat,0.09729079098182622
new_3_599.mat,0.10682149548651085
new_3_6.mat,0.07977775871263201
new_3_60.mat,0.09682474899262947
new_3_600.mat,0.09966720018656544
new_3_601.mat,0.10031355666575043
new_3_602.mat,0.08071109902262334
new_3_603.mat,0.10519460290187861
new_3_604.mat,-0.01525657394269099
new_3_605.mat,0.08522527162759445
new_3_606.mat,0.10591935782905337
new_3_607.mat,-0.030437706550813112
new_3_608.mat,0.09322856266785931
new_3_609.mat,0.1056294174631957
new_3_61.mat,-0.02786187526002322
new_3_610.mat,0.056577799991899616
new_3_611.mat,0.03003424671201571
new_3_612.mat,0.10349793670604768
new_3_613.mat,0.09368222933383993
new_3_614.mat,0.11900786870329819
new_3_615.mat,0.08394375514651843
new_3_616.mat,0.09147127881613808
new_3_617.mat,0.07516584873148863
new_3_618.mat,0.04113260142988265
new_3_619.mat,0.05725434562755579
new_3_62.mat,0.09968353348029398
new_3_620.mat,0.08031677997737069
new_3_621.mat,0.0811842136333412
new_3_622.mat,-0.05046382169361979
new_3_623.mat,0.10402759643581419
new_3_624.mat,0.12085172994931473
new_3_625.mat,0.03141627098263878
new_3_626.mat,0.10050972448323506
new_3_627.mat,0.09358712861861135
new_3_628.mat,0.08222337354808786
new_3_629.mat,0.10468890115648537
new_3_63.mat,0.09186146852638594
new_3_630.mat,0.08597434858833237
new_3_631.mat,0.10461632280494709
new_3_632.mat,0.12439388213347334
new_3_633.mat,0.08534739501857717
new_3_634.mat,0.03455453514585039
new_3_635.mat,0.08225169819936007
new_3_636.mat,0.0650777887780944
new_3_637.mat,0.08426624547928942
new_3_638.mat,0.06249534088806927
new_3_639.mat,0.09221092095437836
new_3_64.mat,0.12683540541792981
new_3_640.mat,0.11581900804781121
new_3_641.mat,0.07973152961812016
new_3_642.mat,0.09056363363423454
new_3_643.mat,0.0016669613232123404
new_3_644.mat,0.09848566291968579
new_3_645.mat,0.11120477917102702
new_3_646.mat,0.09790050658489503
new_3_647.mat,-0.014286018973064099
new_3_648.mat,0.11757606682124916
new_3_649.mat,0.10438849108458106
new_3_65.mat,0.08857002928801186
new_3_650.mat,0.10532850472920283
new_3_651.mat,0.07641334280101492
new_3_652.mat,0.06720950186468329
new_3_653.mat,0.05404392736379737
new_3_654.mat,0.08523426832108562
new_3_655.mat,0.06369266995546062
new_3_656.mat,0.09748684187591761
new_3_657.mat,0.10880678947066424
new_3_658.mat,0.07997202736944384
new_3_659.mat,0.02855650648248989
new_3_66.mat,0.051881188685392536
new_3_660.mat,0.07793119805078884
new_3_661.mat,0.0905308355446926
new_3_662.mat,0.0985186796873796
new_3_663.mat,0.09542430206456623
new_3_664.mat,0.14660113121522106
new_3_665.mat,0.11594845201896214
new_3_666.mat,0.07257001331494486
new_3_667.mat,0.09051319576611108
new_3_668.mat,0.0873422493650517
new_3_669.mat,0.0955538433975924
new_3_67.mat,0.10491195352999598
new_3_670.mat,0.0836766768026502
new_3_671.mat,0.12406643407664246
new_3_672.mat,-0.025453488176436792
new_3_673.mat,0.07407952591267715
new_3_674.mat,0.0779512980767253
new_3_675.mat,0.08857704659488402
new_3_676.mat,0.08194684696003951
new_3_677.mat,0.11716022159693337
new_3_678.mat,0.09608157956279254
new_3_679.mat,0.08960254553822569
new_3_68.mat,0.0753655604717467
new_3_680.mat,0.0029745937111093773
new_3_681.mat,-0.07953396565704235
new_3_682.mat,-0.0019396869718093929
new_3_683.mat,0.13967980362412752
new_3_684.mat,0.09643611759658044
new_3_685.mat,0.08923674224192642
new_3_686.mat,0.0438433011624019
new_3_687.mat,0.00078323359062904
new_3_688.mat,0.09814443065652947
new_3_689.mat,0.07554846452139449
new_3_69.mat,0.043594485090654535
new_3_690.mat,0.058120052516809004
new_3_7.mat,0.09390927731876118
new_3_70.mat,0.0862201359080856
new_3_71.mat,0.10689648268281973
new_3_72.mat,0.07279379669216857
new_3_73.mat,0.1507040186734037
new_3_74.mat,0.07755713408156995
new_3_75.mat,0.07507798933356322
new_3_76.mat,0.0025622978517851613
new_3_77.mat,0.10757719564609403
new_3_78.mat,0.08277811225831443
new_3_79.mat,0.09570010148174275
new_3_8.mat,0.004621419220691397
new_3_80.mat,0.06363546394677529
new_3_81.mat,0.025732816064760133
new_3_82.mat,-0.03033686326914012
new_3_83.mat,0.11192736930992955
new_3_84.mat,0.10878884511513925
new_3_85.mat,0.08156862091994825
new_3_86.mat,0.07081282263098566
new_3_87.mat,0.04149894117841557
new_3_88.mat,0.07379556800789923
new_3_89.mat,0.05359632575575204
new_3_9.mat,0.08410510337876861
new_3_90.mat,0.09833808507634793
new_3_91.mat,0.10788076713209303
new_3_92.mat,-0.061444583220593346
new_3_93.mat,0.15200745803178178
new_3_94.mat,0.08653796256343249
new_3_95.mat,0.0550219325802969
new_3_96.mat,0.08907943162818807
new_3_97.mat,0.09113568988204822
new_3_98.mat,0.08747023810018774
new_3_99.mat,-0.05997437518443238
